l_polish:
 VICTORY_POINTS_1469: "Koronów"
 VICTORY_POINTS_1472: "Nowy Rzeszów"
 VICTORY_POINTS_1496: "Oświęcim"
 VICTORY_POINTS_1556: "Jarosław"
 VICTORY_POINTS_1702: "Zator"
 VICTORY_POINTS_1704: "Spytkowice"
 VICTORY_POINTS_1850: "Gietrzwałd"
 VICTORY_POINTS_2170: "Święty Brzeg"
 VICTORY_POINTS_2265: "Braunowice"
 VICTORY_POINTS_2374: "Częstochowa"
 VICTORY_POINTS_2379: "Jasna Góra"
 VICTORY_POINTS_2484: "Wieliczka"
 VICTORY_POINTS_2630: "Piastów"
 VICTORY_POINTS_3041: "Medyka"
 VICTORY_POINTS_3075: "Brzezinka"
 VICTORY_POINTS_3087: "Korwiny Wielkie"
 VICTORY_POINTS_3145: "Przemyśl"
 VICTORY_POINTS_3423: "Maków"
 VICTORY_POINTS_3499: "Sanok"
 VICTORY_POINTS_3734: "Krosno"
 VICTORY_POINTS_4016: "Monowice"
 VICTORY_POINTS_4043: "Jagiellonia"
 VICTORY_POINTS_4044: "Jadwigów"
 VICTORY_POINTS_4162: "Kazimierz"
 VICTORY_POINTS_11655: "Maryjów"
 VICTORY_POINTS_11712: "Nazaret"