l_polish:
 VICTORY_POINTS_1979: "Ciechanów"
 VICTORY_POINTS_1976: "Kargoszyn"
 VICTORY_POINTS_2644: "Zywiec"
 VICTORY_POINTS_2645: "Rychwałd"
 VICTORY_POINTS_1525: "Leżajsk"
 VICTORY_POINTS_1517: "Giedlarowa"
 VICTORY_POINTS_1518: "Kuryłówka"
 VICTORY_POINTS_2731: "Racibórz"
 VICTORY_POINTS_2733: "Pietrowice Wielkie"
 VICTORY_POINTS_1633: "Okocim"
 VICTORY_POINTS_1648: "Uszew"
 VICTORY_POINTS_1642: "Poręba Spykowska"
 VICTORY_POINTS_2400: "Elbląg"
 VICTORY_POINTS_2410: "Milejewo"
 VICTORY_POINTS_3886: "Braniewo"
 VICTORY_POINTS_3885: "Frombork"
 VICTORY_POINTS_3563: "Opole"
 VICTORY_POINTS_3574: "Grodków"
 VICTORY_POINTS_2471: "Namysłów"
 VICTORY_POINTS_4148: "Lwówek"
 VICTORY_POINTS_4157: "Józefowo"
 VICTORY_POINTS_4172: "Zwierzyniec"
 VICTORY_POINTS_2201: "Sierpc"
 VICTORY_POINTS_2233: "Żuki"
 VICTORY_POINTS_2208: "Białe Błoto"
 VICTORY_POINTS_2155: "Bażanowice"
 VICTORY_POINTS_2166: "Cieszyn"